customer_id,first_name,last_name,birth_date,gender,email,phone_number,region,risk_score
1,Andrew,Torres,2006-01-23,F,xbarton@example.net,7687455704,Southeast,3.99
2,Daniel,Evans,1994-08-01,Other,bradley69@example.org,219-490-2720x95204,Midwest,2.98
3,Brian,Ruiz,1953-02-07,Other,melissavaughan@example.org,001-947-895-4854x6944,Southwest,3.45
4,Luis,Perez,2000-12-23,F,smithrachael@example.org,(901)243-5244,West,4.29
5,Jonathan,Thomas,1996-07-28,F,abigail56@example.com,7245527380,Northeast,2.09
6,David,Rodriguez,1972-05-01,M,mcconnellbenjamin@example.com,486-706-5093,Northeast,1.4
7,Karen,Randall,2005-09-12,F,gglover@example.com,(389)421-1312x469,Midwest,3.58
8,Ellen,Hernandez,1987-02-28,F,robert09@example.com,+1-876-837-8466,Midwest,1.59
9,Richard,Rowland,1988-05-24,Other,marissa05@example.net,493-750-9474,Midwest,3.83
10,Tracy,Miller,2005-07-12,F,carlyperez@example.com,001-767-515-0131x97259,Northeast,2.04
11,Samantha,Davis,1987-02-04,F,adrianhughes@example.org,001-817-895-2444,Southwest,4.61
12,Cassandra,Hebert,1991-05-22,M,rosejeremiah@example.com,884.690.2909x7205,Northeast,1.03
13,Brandon,Sampson,1993-06-03,F,plewis@example.com,+1-376-462-4413x995,Southeast,2.89
14,Alex,Johnson,1949-03-23,Other,rwilliamson@example.org,9313138099,Northeast,3.07
15,Jasmine,Harvey,1999-06-04,Other,hollyberry@example.com,328-659-8113,Southeast,4.61
16,Jessica,Smith,1999-08-25,Other,tscott@example.org,899-756-7155,Southwest,3.96
17,James,Green,1995-08-01,F,emily17@example.com,9619364222,Northeast,3.81
18,Paul,Campbell,1997-11-05,M,michael67@example.org,(536)806-2836x55209,West,1.65
19,Amber,Rojas,1964-12-27,F,darrenortega@example.org,001-610-793-4689x2335,Southeast,3.63
20,Jamie,Whitaker,1975-11-06,F,ajones@example.com,482-969-2970,Midwest,4.02
21,Amy,Johns,1981-01-05,F,delgadoeric@example.org,(359)289-0448,West,4.34
22,Mario,Logan,1945-08-19,Other,umiller@example.net,+1-800-385-0191x67586,Southeast,2.96
23,Eric,Byrd,1959-10-05,F,eaustin@example.org,(610)444-8783x17029,Southwest,4.18
24,April,Walker,1972-01-31,Other,markchung@example.com,949-706-8671,Southeast,2.27
25,Joseph,Cortez,1944-11-12,F,shelbyvalentine@example.net,+1-742-453-8296x4325,Midwest,2.89
26,Michael,Wilson,1945-04-12,F,taylorwhitney@example.com,942.437.2562x67376,West,1.07
27,Anthony,Pugh,1981-05-13,Other,brandimora@example.net,224.834.2560x95543,Southeast,1.43
28,Jeffrey,Sweeney,1953-11-06,M,dylanmartinez@example.net,(718)602-3705x96063,Southeast,2.09
29,Nicholas,Deleon,1993-09-17,Other,cruzjeffery@example.com,001-412-726-8934x265,Southeast,1.9
30,Michael,Miller,1973-12-15,M,alexandria21@example.com,5883161422,Southwest,1.75
31,Ronald,Zimmerman,1989-03-20,M,jay07@example.com,377.411.9290,Northeast,3.86
32,Diane,Taylor,1981-12-13,F,joseph64@example.com,(868)501-0045x2535,Southeast,1.12
33,John,Jackson,1958-10-03,M,lsawyer@example.net,(460)500-7700,Southwest,4.62
34,Joseph,Chavez,1992-04-30,M,kimberly50@example.net,330.848.2288,Southeast,1.04
35,James,Williams,2004-11-13,M,john62@example.com,(288)413-9960x74954,Northeast,2.25
36,Danielle,Riley,1966-07-04,Other,pinedajack@example.org,001-806-722-7968,Midwest,4.47
37,Jasmine,Ramos,1969-07-24,Other,jenniferwilliams@example.net,001-500-399-3938x7906,Southeast,3.64
38,George,Romero,1965-11-16,F,lewisfrederick@example.org,+1-618-577-6544x1814,Midwest,1.49
39,Katherine,Wright,1953-05-22,Other,scott69@example.org,364-361-5019,Southeast,1.45
40,Benjamin,Roberts,1968-02-05,M,qvalentine@example.net,783-646-5568x84612,Midwest,3.4
41,Melissa,Davis,1967-09-17,F,bowenkeith@example.org,463.571.1583x11699,Southwest,1.12
42,Troy,Castro,1974-07-24,M,doneill@example.org,(881)774-9568x30643,West,4.66
43,Elijah,Reynolds,1991-01-14,Other,michaelclark@example.com,+1-515-509-8297,Northeast,3.34
44,Daniel,Wood,1976-06-15,F,rachael18@example.net,389-338-7212x1460,Northeast,3.81
45,Lindsay,Miller,1972-10-13,Other,clarkcarol@example.net,956-799-9475,Southeast,2.55
46,Michelle,Mayer,1949-06-28,Other,maybrandon@example.org,+1-964-515-5297,Northeast,3.23
47,Cindy,Hensley,1973-11-14,F,robertharris@example.net,490.503.8864,Southeast,1.07
48,Kayla,Newton,1992-11-16,F,debbie49@example.com,876.450.2104,Midwest,1.17
49,Daniel,Young,1961-08-10,F,davidemily@example.org,7265882917,Southwest,1.23
50,Kurt,Taylor,1948-01-26,Other,johnmathis@example.net,(980)850-6260x964,West,4.01
51,Chad,King,1961-02-11,F,joshua44@example.org,873-565-5309x1743,Northeast,4.6
52,Kristin,Wood,1955-03-30,Other,elizabeth06@example.org,+1-472-580-5955x39303,Northeast,2.22
53,Jessica,Hammond,1996-02-06,F,mikayla32@example.net,001-769-555-0644x57381,Southwest,2.88
54,Anthony,Underwood,1950-05-14,M,hillmiranda@example.org,820.376.3780x903,Southeast,4.11
55,Michael,Brown,1990-10-20,Other,hillmitchell@example.net,(803)353-9354,Southwest,3.85
56,Samuel,Roth,1947-06-03,Other,rthompson@example.com,+1-588-610-5506x24816,Southwest,3.24
57,Gregory,Bryant,1985-10-02,F,robertcameron@example.net,(216)850-7635x53715,Northeast,4.89
58,Jennifer,Mitchell,1955-11-27,F,barnesjohn@example.com,(921)801-1329,Southwest,2.27
59,William,Rivas,1965-03-26,F,stevenmoore@example.org,(359)913-0753,Southeast,2.19
60,Tammy,Mitchell,1956-11-07,Other,hweiss@example.net,(648)931-3522x133,Midwest,4.49
61,Richard,Fleming,1967-11-06,M,craigrebecca@example.net,888.566.3803x894,Northeast,3.07
62,Larry,Meyers,1975-08-20,F,svaldez@example.org,698-713-5995,Midwest,4.28
63,Michelle,Perez,1984-01-19,M,richard30@example.com,739-882-9439,Southwest,4.61
64,Laura,York,2001-08-19,F,hwright@example.net,+1-911-835-5146x63469,Northeast,2.54
65,Jill,Lopez,1952-10-29,M,leblancamanda@example.org,774.880.8558x4857,Southeast,1.7
66,Elijah,Eaton,1977-03-29,Other,elizabethcooper@example.org,(511)794-0521,West,1.34
67,Jacob,Bell,1946-07-22,F,rnorton@example.org,+1-347-469-1586x3305,West,4.61
68,Vanessa,Schmidt,1947-04-18,M,grivera@example.org,(431)586-1480,Southeast,2.97
69,William,Hunter,1986-10-24,Other,stephaniepatel@example.org,604-847-9785,Southeast,3.28
70,Raymond,Contreras,1965-09-16,M,welchkyle@example.com,2953868632,Southwest,3.85
71,Lauren,Ellis,1973-09-27,F,ogonzalez@example.net,001-507-519-0996,Midwest,3.32
72,Scott,Odonnell,1988-05-26,Other,hickscheryl@example.org,(393)655-5949x250,Northeast,4.77
73,Juan,Mcdowell,1945-09-11,Other,kimberlywalsh@example.org,564-307-6551,Southwest,1.52
74,Lindsey,Dunn,1979-06-20,M,rwilliams@example.org,+1-471-893-5191x50387,Northeast,2.62
75,Morgan,Lutz,2003-04-17,Other,xlambert@example.com,+1-761-363-1971,Midwest,4.81
76,Mary,Schmidt,2006-07-16,F,nancygallegos@example.net,(652)522-0253x24458,West,3.18
77,Lindsey,Adams,1950-12-14,M,bwalker@example.net,3525105949,Northeast,4.4
78,Troy,Cruz,1984-03-12,M,ambersandoval@example.org,+1-324-737-3480,Southeast,2.11
79,Kathleen,Cole,1956-09-26,Other,henry78@example.org,275.335.4847,West,4.55
80,Brian,Jones,1968-05-24,Other,suttonrichard@example.net,4409390325,Northeast,2.91
81,Chase,Sharp,1952-01-13,Other,wrios@example.com,001-344-564-8407x3499,Southeast,4.64
82,Cody,Roman,2003-08-06,Other,jill16@example.net,779.278.3336x06290,West,2.56
83,Zachary,Russell,1981-10-20,M,cooleydillon@example.org,+1-623-800-9113x17821,Southeast,3.23
84,Sierra,Ryan,1963-12-11,Other,jeanette12@example.com,001-435-891-0730x2772,Southwest,1.04
85,Donna,Hernandez,1995-10-24,F,fishermaxwell@example.com,292.971.5163x4393,West,4.18
86,Jonathan,Williams,1948-12-14,Other,nicolasgentry@example.com,938.412.9620,Midwest,1.02
87,Mario,Lane,1998-11-21,Other,mckayevan@example.net,(851)961-3458x122,Northeast,1.58
88,Suzanne,Estrada,1975-09-26,F,erikmcdonald@example.com,7126952310,West,3.74
89,Ryan,Vasquez,2004-03-06,F,pcohen@example.com,318.588.2408,Southeast,2.4
90,Joseph,Robertson,1953-06-06,M,shahyvonne@example.net,001-213-814-5190,Southwest,1.64
91,Billy,Mclaughlin,1999-06-24,F,mroberson@example.com,(460)624-5383x815,Southwest,3.03
92,Amanda,Cameron,1965-09-27,M,kennedykevin@example.net,001-833-884-8259x94295,Northeast,3.03
93,Michelle,Barton,1978-11-09,M,nwilliams@example.com,698.754.6323x4210,Southeast,4.32
94,Shawn,Hammond,1996-12-28,F,mcdowellzachary@example.org,+1-573-688-6489x318,West,1.99
95,Victor,Atkins,1971-01-16,M,chris64@example.net,268-661-2597,Midwest,1.04
96,Dawn,Garza,1946-10-20,M,judy75@example.org,407.213.5807x5109,Southeast,3.42
97,Stacy,Haney,1993-06-27,M,gabrielle14@example.org,719-438-6047x5418,Southeast,3.03
98,Michelle,Adams,2000-06-15,Other,justinbrown@example.net,(477)245-0332x703,West,3.94
99,Karen,Mcpherson,1978-08-24,Other,jlam@example.org,711.371.4040x32183,Southeast,1.62
100,Harold,James,1982-04-27,M,sydneyortega@example.com,+1-770-482-2134,Northeast,4.33
101,Robert,Brown,1980-11-24,M,lopezjanice@example.net,445-726-2002,Southwest,4.56
102,Robert,Miller,1984-07-31,F,kevinalvarado@example.com,926-422-3396x58199,Northeast,2.83
103,Laura,Matthews,1982-01-31,M,turnersara@example.org,(413)428-0246x46065,Northeast,4.28
104,Benjamin,Cunningham,1945-08-31,Other,jason57@example.net,554.339.1528,Northeast,1.71
105,Cassandra,Bradley,1973-01-03,M,robertduncan@example.org,+1-499-635-1243,West,1.45
106,Samuel,Kaiser,1966-12-14,F,peggywilliams@example.com,4729734262,Southeast,2.34
107,Patty,Mccormick,1989-02-02,F,colleenmoore@example.org,513-423-5745,Southeast,1.91
108,Sean,Stone,1952-07-28,M,lisa30@example.org,590.949.7381,Northeast,3.19
109,Ethan,Ortiz,1945-05-06,F,moralesmatthew@example.org,9489707626,Southeast,4.75
110,Teresa,Gonzalez,1977-04-24,Other,masonlori@example.org,+1-557-670-4829,Southwest,4.61
111,Victoria,Thomas,2007-04-02,M,juan72@example.net,+1-733-419-5309x88119,West,1.76
112,Matthew,Burke,1946-11-03,M,eortiz@example.com,001-981-488-3547x8095,Southeast,4.89
113,Jasmine,Dennis,1961-01-30,M,scottmoreno@example.net,+1-415-421-5063x249,Northeast,3.77
114,Tonya,Carpenter,1953-05-23,F,smithjustin@example.org,+1-367-374-9102x3885,Midwest,1.56
115,Marcus,Steele,2000-11-10,M,jason84@example.org,821.864.0167x5492,West,1.26
116,Tammy,Beasley,1997-09-14,F,stephen56@example.org,319.758.2113,Southeast,3.92
117,Dorothy,Fischer,1994-09-20,M,andersonkathryn@example.org,+1-980-294-4625x49431,Southeast,3.45
118,Katie,Brown,1964-10-24,Other,katherine12@example.net,001-218-528-0893x78382,Midwest,3.25
119,Leslie,Arnold,1975-12-17,Other,eingram@example.org,235.788.0548,Midwest,1.28
120,Michael,Rodriguez,1967-09-26,M,dianamichael@example.com,8682436530,Southeast,2.75
121,Sheila,Copeland,1963-02-11,M,scottnicole@example.com,6142623166,Midwest,3.33
122,Grace,Hodges,2004-11-02,Other,scotteileen@example.com,001-564-669-6952x63837,Southwest,4.6
123,Katherine,Davis,1986-06-15,F,morrowgabriel@example.com,536.454.4295x9259,Northeast,1.85
124,Connie,Mueller,1955-06-27,F,alowery@example.net,+1-237-512-6640x7709,Southwest,3.61
125,Mark,Webb,1978-03-25,F,palmersteven@example.com,3763830034,Northeast,4.9
126,Travis,Perez,1965-09-03,Other,halljennifer@example.net,923-540-4620,Midwest,1.17
127,Anna,Park,1950-02-19,Other,rodriguezcindy@example.com,001-941-255-9319x59677,West,4.14
128,Claudia,Hall,1991-07-14,Other,sean63@example.com,752-801-0079x1425,Southeast,3.55
129,Raymond,Cabrera,1963-07-14,Other,alexnavarro@example.com,+1-473-713-6612x68716,Southwest,3.33
130,Jennifer,Robinson,1979-05-24,M,linda40@example.net,+1-511-536-0355,Southwest,1.02
131,Shannon,Campbell,1972-02-22,Other,patrickmcneil@example.com,(451)946-5323,West,3.52
132,Michael,Schroeder,1977-01-11,M,dbrown@example.net,806.651.9916,Southeast,3.53
133,Manuel,Munoz,1967-08-18,Other,kathyjones@example.net,921-841-7956,Southeast,4.64
134,Matthew,Hamilton,2007-02-19,M,qwells@example.org,555-752-0978,Midwest,4.07
135,Travis,Scott,1999-01-01,M,mgutierrez@example.org,992-447-5064x03253,Southwest,4.71
136,Sarah,Hernandez,1995-01-20,F,cynthia78@example.org,620.557.1838,Midwest,4.45
137,Madeline,Davis,1990-07-18,F,cherylfuller@example.org,(942)285-8386x44232,Midwest,1.8
138,Christine,Brown,1959-04-24,M,xbenjamin@example.com,621-698-0759,Southwest,2.15
139,Teresa,Ellis,2003-08-16,F,westchristina@example.net,914.341.2895x508,West,4.53
140,April,Contreras,1988-07-16,M,nmcdaniel@example.org,(279)266-1099x05868,Southwest,2.65
141,Evan,Adams,1985-04-22,M,uestrada@example.net,466.404.5151x756,West,3.55
142,Monica,Hurst,1972-04-28,Other,alison50@example.org,001-204-282-2330x544,Southwest,4.31
143,Michael,Washington,1966-04-29,M,xjimenez@example.com,001-427-904-2985,Northeast,2.08
144,Ronald,Sanchez,1970-05-19,F,jennifer42@example.com,001-799-981-5223x710,West,2.78
145,Scott,Mejia,1988-06-30,M,jamessmith@example.org,+1-428-509-6649x481,West,1.1
146,James,Medina,1966-01-10,M,ashleycoleman@example.com,+1-372-307-0826x3117,Midwest,3.99
147,Sarah,Jones,1998-09-15,M,hfranklin@example.net,610.381.8734x86716,Southeast,4.76
148,Donna,Rivas,1986-10-22,M,ghicks@example.com,(694)688-8642,West,2.7
149,Juan,Simpson,1986-10-23,M,maria22@example.org,8716104015,Midwest,4.52
150,Jason,Fowler,1977-08-26,F,cday@example.com,+1-769-890-7870x324,Northeast,1.42
151,Jennifer,Burke,1995-08-19,Other,ifarrell@example.com,326.337.0412x075,Midwest,3.13
152,Jose,Howard,1957-05-02,Other,durandaniel@example.com,(838)930-5212x474,Northeast,4.72
153,Ashley,Wilson,1960-09-02,F,millerbryan@example.com,235-450-3689x63585,West,1.96
154,Jamie,Davis,1948-02-14,F,thomasleroy@example.com,809-343-3362,Southeast,4.04
155,Jessica,Rice,2004-11-14,F,chadmoore@example.net,3006289698,Northeast,2.45
156,Jeffrey,Bowers,1998-12-14,M,sconrad@example.net,001-898-250-7897x82559,Southwest,4.63
157,Russell,Conley,1999-10-15,M,rjames@example.com,273.599.7990x025,West,1.63
158,Cheyenne,Riggs,1952-08-16,F,moorepatricia@example.com,391-208-0405x63923,Northeast,3.54
159,Crystal,Nelson,1959-05-10,Other,aarongriffith@example.net,906-335-1364x3624,Southeast,2.37
160,Michael,Allen,1971-06-21,M,william81@example.net,001-780-805-7936x519,Midwest,3.81
161,Daniel,Ross,1963-10-10,M,nathaniel36@example.org,+1-345-750-2254,Southeast,1.27
162,Amy,Maynard,1994-01-08,F,zjohns@example.org,(340)629-9714x055,Southeast,1.37
163,Michael,Duran,2007-03-08,Other,jerry74@example.org,(464)815-0610x428,Southeast,3.5
164,William,Rice,2001-02-12,M,hansonkristopher@example.net,853-474-8272x44446,Southwest,3.4
165,Michael,Bryan,1955-02-11,M,lynchdevin@example.com,274-367-9058x894,Southwest,3.01
166,Jason,Jones,1984-04-01,M,samuel74@example.net,686.666.3030x7175,West,1.32
167,Susan,Martinez,1955-01-18,Other,april38@example.org,6605501950,Southwest,3.22
168,Erin,Estrada,1958-12-23,Other,ginabenjamin@example.org,(519)634-7575x114,Southeast,1.26
169,Joshua,Duarte,1945-06-15,Other,hardykristin@example.net,(294)816-3458,Midwest,4.91
170,Abigail,Russo,1991-06-24,F,josephsanders@example.net,(592)999-2275,West,3.68
171,Kari,Sullivan,1993-04-25,M,jennifer05@example.com,787-314-6710x429,Midwest,1.95
172,Billy,Jackson,1989-07-21,M,hgarcia@example.com,(712)667-8436x31531,West,3.27
173,Jeffrey,Brewer,1949-03-02,M,aduncan@example.org,(578)802-7461,Southeast,3.28
174,Tabitha,Huff,1966-07-10,F,tony16@example.org,(872)460-9237,Southeast,1.18
175,Zachary,Walter,1990-01-24,Other,hmorgan@example.net,890-790-1246x46130,Northeast,2.46
176,Lauren,Turner,1959-02-23,M,preilly@example.org,+1-685-402-7114x79093,Northeast,3.31
177,Lindsay,Davis,1968-06-13,Other,laurie62@example.com,(523)880-2550x5380,Northeast,3.5
178,Joseph,Gomez,1965-09-12,Other,ronald51@example.net,+1-365-783-1160,West,2.14
179,Oscar,Carter,1946-08-26,F,garciawilliam@example.com,706-313-7424,Midwest,2.18
180,Marie,Mcmahon,1968-07-20,M,nataliemartinez@example.net,(617)399-3570x0294,Midwest,3.98
181,Kayla,Scott,2006-10-05,F,kristinewilson@example.net,658.936.4459x027,West,2.79
182,Sarah,Moore,1973-09-20,Other,vdennis@example.org,668-437-6955x35535,Southeast,3.77
183,Danielle,Bradley,1987-04-22,M,martinezdaniel@example.org,(848)602-0981x60391,Southwest,4.03
184,Alexandra,Dougherty,2001-09-25,M,zbradley@example.com,+1-762-889-1153x535,West,3.68
185,Ryan,Garcia,1977-11-24,M,jroberts@example.com,552.333.3576x0687,West,2.6
186,Jordan,Moore,1951-01-05,Other,austindavila@example.net,(890)797-3180x76686,Northeast,3.48
187,Randy,Franklin,1969-03-17,Other,barnesgregory@example.net,+1-491-553-4183x2342,West,2.34
188,David,Riggs,1983-09-25,Other,byrdvirginia@example.com,2756439751,Southwest,1.97
189,Jonathan,Brooks,1949-09-03,F,tina75@example.org,457.833.8167x201,Northeast,4.06
190,Evelyn,Warren,1969-02-16,F,kevinhahn@example.com,230.935.8927x68719,Midwest,4.37
191,Donna,Evans,1950-04-08,M,kennethcopeland@example.net,(687)277-8336,Northeast,4.15
192,Craig,Foley,1959-06-12,M,eanthony@example.com,+1-677-775-7767x77871,Southwest,4.31
193,Timothy,Bray,1984-01-31,M,iguerrero@example.org,(509)623-9987x873,Midwest,2.47
194,Louis,Watson,1954-10-01,M,zrichmond@example.net,(291)814-6808x0329,Southeast,4.51
195,John,Reyes,1996-09-23,M,znash@example.com,+1-793-277-5137x46465,Southwest,3.01
196,Justin,Stanley,1947-05-13,M,tlester@example.net,779-802-1698,Southeast,4.22
197,Jessica,Thomas,1994-05-19,F,vsims@example.net,001-563-889-3699x864,Midwest,4.93
198,Tasha,George,1948-08-10,F,whenderson@example.net,377.979.7625,Northeast,4.52
199,Cassandra,Barnes,2005-07-18,M,sarah81@example.org,(884)657-2706,Southeast,4.84
200,Maria,Farley,1952-12-01,M,anna29@example.net,001-457-635-8607x6039,Southeast,2.9
201,Laura,Lara,1989-06-20,Other,fmartin@example.net,(811)439-7198x0974,Southwest,1.97
202,Stephen,Rivera,2004-01-10,F,singhvictoria@example.org,+1-468-217-1524x50778,Southwest,4.84
203,Leah,Williams,1954-10-04,M,lmedina@example.org,+1-885-354-7210x4742,Midwest,3.09
204,Alexander,Morris,1949-09-19,Other,alyssa37@example.com,435.644.0576,Southwest,2.29
205,James,Smith,1952-12-12,Other,martinezjackson@example.org,001-890-865-2728x462,West,4.13
206,Adriana,Tucker,2005-10-30,F,qcole@example.net,(665)500-9008x136,Southeast,2.34
207,Troy,Frederick,1970-06-01,F,dalexander@example.org,(873)788-6511x6408,Northeast,3.88
208,Mary,Black,1973-06-05,M,wjackson@example.com,911.927.6342,Southwest,4.71
209,Peter,Williamson,1961-10-21,M,richardwolfe@example.com,8372050794,Southeast,2.97
210,Mary,Hubbard,1958-04-19,F,kristenmartin@example.net,209-795-6510x1852,Northeast,2.12
211,Michael,Larson,1976-05-22,F,christophervargas@example.net,435-675-7720x0292,Southeast,1.38
212,Andre,Butler,1955-06-03,F,paul81@example.net,2984792143,Southwest,1.63
213,Jose,Carroll,1971-05-29,Other,youngsean@example.net,+1-896-872-1300x08747,Midwest,4.12
214,Travis,Nash,1951-03-12,M,steelemargaret@example.com,(329)373-0368x514,West,3.96
215,Michael,Jennings,1944-12-07,M,sean56@example.org,+1-951-768-1972x27310,Northeast,1.64
216,Peter,Williams,2003-12-26,F,zhess@example.net,001-448-816-1327x8359,West,2.15
217,Christine,Berry,1975-06-23,M,williamscourtney@example.com,001-288-598-0516,Midwest,2.9
218,Ian,Castro,1985-08-17,Other,michellewang@example.com,500-464-8102,Southwest,1.71
219,Monique,Mcdonald,1994-05-25,M,gregorysmith@example.org,945-686-0889x880,Southeast,3.35
220,Craig,Wilson,1993-12-08,Other,iwiley@example.net,2252323831,West,1.91
221,Crystal,Caldwell,1948-05-24,M,philipcastro@example.net,+1-694-827-5862x871,Midwest,3.38
222,Peter,George,1970-12-29,Other,hernandezann@example.org,236.690.2001,Northeast,2.06
223,Larry,Howe,1945-01-28,F,lelliott@example.org,001-748-713-7049x392,Northeast,2.6
224,Cindy,Cortez,1955-12-13,F,amygreene@example.net,+1-649-893-8735x3373,Midwest,3.85
225,Juan,Hernandez,1970-05-18,Other,brittanyhensley@example.org,359.684.4382x08914,Northeast,3.8
226,Amanda,Hanson,1955-01-25,Other,susan17@example.net,001-776-273-5407x9999,Northeast,1.37
227,Brianna,Simon,1949-12-08,F,nicholas91@example.net,804-406-3463x05102,West,4.51
228,Gloria,Harris,1956-04-12,Other,amber90@example.com,8919345842,West,2.43
229,Frank,Ortiz,1948-04-07,F,brianjohnson@example.org,+1-466-740-3416x393,West,4.22
230,Sierra,Jackson,1998-07-20,F,amber26@example.com,536.580.7802x663,Northeast,1.4
231,Louis,Miller,2006-08-07,M,parkdavid@example.net,+1-486-633-9886x431,Southwest,1.37
232,Donald,Dunn,1967-11-27,Other,wilsondiana@example.net,428-727-3143x913,Midwest,3.31
233,Lisa,Moore,1997-06-03,M,galvanjoseph@example.net,780.259.9002x366,West,3.34
234,Erica,Mcdonald,1995-07-16,Other,nicolewright@example.com,7559014489,Southeast,1.8
235,Mario,Garcia,2000-06-10,F,nicholasferguson@example.com,001-921-970-6712x88061,Southwest,3.72
236,Kenneth,Johnson,1999-10-15,Other,karina74@example.net,268.807.0680,Southwest,4.02
237,Harry,White,1975-06-03,F,gabriel06@example.net,931-312-3808x3425,Southwest,1.26
238,Tiffany,Ramos,2003-06-18,F,aaron67@example.org,+1-795-903-2961x392,Southwest,2.32
239,Cheyenne,Farmer,1948-04-21,F,samanthasmith@example.com,(611)342-4421,Midwest,1.84
240,Caitlyn,Olson,1996-06-18,M,clinephillip@example.net,001-700-519-9624,West,1.47
241,Jonathan,Ramirez,1956-04-26,M,robert70@example.org,+1-489-463-0338x62788,Midwest,4.65
242,Catherine,Lewis,1998-12-17,F,tristansmith@example.org,543-238-9813x296,Southwest,3.39
243,Sarah,Vazquez,1983-06-21,F,hsanchez@example.net,260-758-9768,Northeast,1.64
244,Sharon,Howard,1959-03-17,M,chadmcdonald@example.net,939.808.0769,West,4.0
245,Jeffrey,Wright,2002-11-16,F,bsalas@example.org,673.825.5913x786,Midwest,3.92
246,Joy,Higgins,1990-12-13,M,amy45@example.org,788-975-8478,Southeast,2.92
247,Amanda,Garcia,1997-09-17,F,johnramirez@example.com,001-695-268-9901,Northeast,2.72
248,Crystal,Yang,1952-11-02,F,marycabrera@example.com,491.669.7927x49589,West,3.36
249,Vicki,Le,1977-10-31,M,markwhite@example.org,(585)322-1855,Midwest,3.57
250,Todd,Cruz,1980-10-28,M,robert87@example.org,219.695.2744x67698,Southwest,1.02
251,Rhonda,Green,1972-10-26,Other,whitejoseph@example.org,760.229.1544x778,Southwest,4.15
252,Laura,Martinez,1974-12-14,F,davidjohnson@example.org,+1-486-747-9440,Northeast,1.75
253,Cody,Moore,1948-10-03,M,noah40@example.com,4839014099,Midwest,1.47
254,Amy,Wright,1990-10-05,M,mmcneil@example.net,001-653-702-4947x463,Southeast,4.42
255,Dana,Smith,1962-12-25,M,browningzachary@example.net,001-594-892-4136,Northeast,4.54
256,Rebecca,Anderson,1947-06-30,F,philiprodriguez@example.org,+1-944-849-6634x3207,Southeast,3.42
257,James,Porter,1956-09-12,F,rachelwong@example.net,587-667-7537x76605,Southwest,3.6
258,Stephanie,Hess,1949-05-27,Other,stevensmarissa@example.net,356-857-1219,West,4.25
259,William,Jordan,1965-09-12,F,christopher28@example.net,540.812.7083,West,4.4
260,Caitlin,Hall,1975-06-05,F,doylesharon@example.net,(743)438-2388,Southwest,2.03
261,Raymond,Webb,1955-09-04,Other,meredith75@example.com,(757)479-9149x97015,West,4.64
262,Heather,Green,1968-11-16,Other,johnsonyvette@example.net,+1-898-894-9774,Southwest,3.6
263,Deanna,Harris,1963-08-16,Other,hlopez@example.com,404-478-1534x70018,Southeast,2.53
264,Jessica,West,1957-10-06,Other,thomas00@example.com,367.930.4029,Southwest,2.32
265,Paul,Nguyen,2000-08-19,M,jonesrobert@example.net,(251)371-0823x642,Midwest,4.3
266,Katherine,Mcbride,1983-05-23,M,anthonyreed@example.com,001-341-334-0178x1948,West,4.07
267,Jennifer,Clark,1968-03-08,M,hpierce@example.org,(640)804-6587,Northeast,4.13
268,Darin,Frye,1990-04-28,F,higginsjennifer@example.net,653.923.0190,Southeast,4.5
269,Danielle,Gordon,1999-03-31,M,wadejacqueline@example.net,246.864.9272,Southeast,2.9
270,Heather,Fletcher,1982-03-06,M,taylorrodney@example.net,(726)826-9766,Midwest,4.06
271,Aaron,Mills,1964-08-05,Other,kbaldwin@example.org,(448)997-0067x9106,Midwest,1.92
272,Anthony,Campbell,1975-04-02,F,rachelellis@example.com,347.532.5282x28932,West,4.1
273,Cheryl,Barnett,1983-07-03,F,john01@example.net,001-835-665-7123x1044,Southeast,3.45
274,James,Marshall,2002-11-28,F,englishtiffany@example.org,(469)217-0280x2150,Southwest,4.02
275,Gerald,Marsh,1967-06-16,F,lopezgabriela@example.com,(388)428-4362x22602,Southeast,2.34
276,Amanda,Novak,1954-12-26,Other,dgarcia@example.org,5158377220,Southeast,1.82
277,Harry,Miller,1983-09-26,Other,whitemeghan@example.net,273-852-8472,Northeast,2.23
278,Dorothy,Davis,2004-06-24,F,marymcintyre@example.net,330.468.5721x64022,West,1.92
279,Sue,Mcdowell,1989-09-20,Other,abigail61@example.net,(641)735-9081x466,Southwest,1.12
280,Jennifer,Reed,1989-09-20,M,patrick97@example.com,6696724633,Midwest,4.66
281,Sabrina,Smith,1951-08-25,Other,brooke39@example.net,573-548-0128x567,Southeast,2.26
282,Brandon,Miller,1966-09-21,Other,brittanyjones@example.net,503-711-8346x131,Northeast,3.14
283,Barry,Kane,1969-02-12,F,april92@example.com,001-205-782-1233x8658,Southwest,2.0
284,Emily,Manning,1985-09-09,F,knightedwin@example.com,4095629017,Midwest,3.78
285,Rebekah,Nash,1958-05-18,Other,corey22@example.net,001-484-477-8889x17088,Midwest,3.74
286,Kelly,Richard,2007-06-17,M,xavierdavis@example.com,379.948.0320x576,Midwest,1.4
287,Katherine,Simmons,2006-03-25,M,emily65@example.net,+1-560-959-0410x06594,Southwest,2.52
288,Calvin,Patel,1946-05-20,F,angela56@example.net,2339567925,Southwest,1.73
289,Kelli,Donovan,1978-08-18,M,rhall@example.org,+1-209-372-6222,Midwest,1.36
290,Miguel,Davis,1984-05-01,M,craig34@example.org,8314072932,Northeast,3.88
291,Christopher,Sosa,1958-09-24,F,dgutierrez@example.com,836-228-0339x3715,Midwest,2.91
292,John,Hanson,1946-06-24,Other,cwells@example.com,6034276058,Southwest,2.03
293,Matthew,Gardner,1949-09-15,Other,reillyjohn@example.org,(267)827-6605,Midwest,2.52
294,Nancy,Kent,1960-10-04,Other,lori37@example.com,(276)765-0259x4581,Midwest,2.04
295,Suzanne,Martinez,1978-11-08,Other,ybruce@example.net,(792)672-8747,West,1.84
296,Hannah,Brown,1985-02-06,Other,chelseacarr@example.org,+1-452-869-0407,Midwest,2.75
297,Tracy,Weber,1950-07-07,F,vjackson@example.org,533.959.6037,Midwest,1.15
298,Mark,Dean,1980-09-26,M,juliemora@example.com,001-307-427-5524x7093,Southeast,3.87
299,James,Valenzuela,1952-03-01,F,jamesjones@example.com,(208)210-9027x28832,Midwest,1.94
300,Timothy,Davis,1964-09-30,Other,patrick92@example.com,976-932-1688,Northeast,3.98
301,Tanya,White,1978-06-29,M,warddanny@example.com,+1-446-727-1085x2306,Southeast,2.07
302,George,Fleming,1988-11-30,M,wchen@example.net,376.902.6682x8098,West,2.46
303,Danny,Waters,2002-11-09,M,leslie28@example.net,402.797.3710,Midwest,3.19
304,John,Martinez,1980-10-23,F,stewartmatthew@example.com,(760)459-5426x166,Southeast,2.67
305,Annette,King,1959-01-14,F,msmith@example.com,001-349-299-3121x0964,Northeast,3.02
306,Angela,Petersen,1955-03-15,M,brownchristopher@example.com,887-614-5308,Midwest,3.76
307,Dwayne,Dunn,1973-05-30,F,romeroashley@example.net,(777)803-5213x8563,Southeast,1.81
308,Mary,Chandler,1951-11-22,F,contrerasjoshua@example.net,001-989-535-9112x5863,West,4.08
309,Chelsea,Davis,1971-03-03,M,beverly99@example.com,+1-446-243-3695x475,Southeast,4.57
310,Larry,Romero,1968-01-04,F,derekkelly@example.net,+1-471-408-6906x7211,Southwest,3.23
311,David,Sanchez,1965-12-06,M,kblake@example.org,2264992243,West,2.41
312,Becky,Rodriguez,1970-05-03,M,gamblestephanie@example.net,(952)971-7870x207,Southeast,1.38
313,Lauren,Collins,2004-04-18,M,hilllinda@example.com,255.858.2283,Southwest,1.74
314,Joe,Wilson,1961-09-09,Other,smithcrystal@example.net,(897)392-3049x0861,Southeast,3.05
315,Jasmin,Miles,1985-05-24,M,robert62@example.com,391.676.6725,Southwest,4.75
316,Anna,Coleman,1972-10-30,F,ldavis@example.com,644.846.0006,Southeast,1.38
317,Michael,Clark,2004-11-25,Other,courtney57@example.org,(960)369-3651x730,Midwest,3.06
318,Jeremiah,Roberts,1967-07-30,F,deanna40@example.com,210.496.9178,Southeast,1.88
319,John,Lewis,1978-07-26,Other,jjames@example.com,+1-237-850-8014,Southeast,3.51
320,Mark,Pena,2002-11-27,M,chavezgarrett@example.net,001-922-316-1440x2933,Northeast,4.15
321,Joyce,Gregory,1989-03-15,F,cbarnett@example.com,513-300-1531x70383,Northeast,1.83
322,Gina,Ellis,1973-12-26,Other,kochellen@example.net,861.931.5432x0056,Southeast,2.7
323,Jennifer,Ramos,1980-07-03,Other,tiffany82@example.org,001-876-573-1746x06364,Northeast,4.24
324,Cody,Alvarez,2002-03-21,Other,swang@example.net,+1-257-805-0262x287,West,2.53
325,Sandy,Bryant,2001-07-20,F,eortega@example.com,656-370-7790x2452,Northeast,3.93
326,Michael,Anderson,1974-10-14,F,perezjohn@example.com,947.298.5672x3363,Southeast,1.98
327,Jay,Bean,1955-07-31,Other,fryejames@example.org,001-998-786-1251x745,Southwest,2.98
328,Kimberly,Carter,1966-05-16,F,jennifer59@example.org,(788)589-8566x18489,Northeast,2.14
329,Justin,Pittman,2005-03-22,F,westderrick@example.com,+1-755-610-0433,West,1.45
330,William,Baldwin,1969-08-19,M,michael38@example.net,(281)416-3346x801,West,2.32
331,Frank,Richardson,1951-08-04,M,debra08@example.com,9413273687,Southwest,1.58
332,Julia,Johnson,1976-07-19,Other,josephorr@example.org,926.967.1195,Southwest,1.46
333,Brittany,Macias,1948-12-17,Other,mark72@example.net,452-542-7825x3122,Southeast,1.77
334,Eric,Bender,1990-09-19,F,scott81@example.com,+1-701-394-2726,Southwest,4.44
335,Robert,Smith,1985-11-02,M,esmith@example.com,237.679.5691x536,Southeast,4.98
336,Brenda,Cook,1992-06-03,M,morganjennifer@example.org,+1-507-832-9211x6198,Northeast,1.12
337,Anthony,Williams,1997-08-05,F,uchang@example.com,(904)367-7840x4150,Northeast,2.95
338,Jeffrey,Hall,1969-11-19,Other,jvelasquez@example.com,+1-352-620-2845,Southeast,3.33
339,Evelyn,Scott,2006-03-20,Other,patricia45@example.net,537.578.4091x14869,Midwest,4.76
340,Elizabeth,Wilson,2004-05-21,Other,freemanmichelle@example.org,001-996-929-6481x3439,Northeast,4.58
341,Chloe,Simpson,1978-12-10,M,thomasmartha@example.com,(546)647-5095,Midwest,1.53
342,Lori,Pugh,1987-10-12,M,paulmason@example.org,430.540.5320x998,Southwest,3.14
343,Kara,Watson,1994-02-26,Other,gduke@example.org,304.994.2841,Midwest,2.4
344,Debbie,Wells,1998-03-24,M,michaelandrews@example.org,680.575.0351x9743,Northeast,4.49
345,Jessica,Petersen,1964-08-13,Other,barbara40@example.org,(643)643-8047x781,Southeast,4.26
346,Jessica,Cole,1993-09-07,F,kyle14@example.org,001-295-641-7616x94548,Southwest,4.48
347,David,Alvarado,1995-02-07,M,marshethan@example.net,261-468-3013,Southwest,2.53
348,Gary,Santana,1944-07-08,Other,reedmichael@example.org,+1-744-302-3656x143,Northeast,1.12
349,Victoria,Diaz,1963-01-09,M,andreafigueroa@example.org,001-817-687-6590,Southeast,4.46
350,Stephen,Craig,1997-12-29,M,jenniferhall@example.org,(883)502-7172,West,1.86
351,Nicholas,Jones,1963-11-02,F,steven52@example.net,+1-619-408-6319x230,West,1.25
352,Sara,Meyer,1971-11-12,F,dsmith@example.org,001-678-536-9507x71656,Northeast,1.91
353,Kevin,Hawkins,1985-07-21,Other,reginareyes@example.com,(679)859-9525,West,1.62
354,Ashley,Griffin,2004-06-22,Other,lfowler@example.org,868-780-7350x540,West,3.54
355,Brian,Dawson,1980-03-11,Other,isaacbrown@example.net,900-252-7963x710,Midwest,1.77
356,Darrell,Smith,2000-01-11,Other,joshuagarcia@example.net,322.216.4005x2492,West,4.84
357,Jenna,Blair,1959-02-21,M,russellmatthew@example.org,(421)513-8523x3597,Southwest,4.32
358,Jennifer,Powell,1971-01-20,M,carterandrea@example.net,(394)305-5160x02191,Southwest,4.72
359,Samuel,Jones,2000-07-09,M,benjamin63@example.com,+1-309-404-9257x2088,Southwest,1.53
360,Regina,Stevenson,1946-11-03,F,marywood@example.net,001-700-642-0421x1279,West,2.65
361,Juan,Bradley,1959-10-16,F,samanthasmith@example.net,001-261-991-8892x77965,Southeast,1.7
362,Robert,Harris,1974-07-09,F,marksmith@example.org,(824)828-5326,Southwest,4.48
363,Lindsay,Dean,1963-09-06,M,rhonda36@example.org,2443901260,Southeast,4.14
364,Justin,Shaw,1956-03-07,F,henry18@example.org,578.647.6556x9985,Southeast,2.16
365,Mark,Walker,1959-07-17,F,amykim@example.org,+1-487-622-5759x8918,Southwest,1.1
366,Katie,Jordan,1950-04-06,M,floresjeffrey@example.org,411-408-9503x8212,Southwest,2.21
367,Ryan,Kane,1950-11-06,M,arichardson@example.org,897-970-8444x238,Northeast,4.47
368,Scott,Henry,1965-10-25,Other,carlos86@example.org,+1-740-247-0961,Southeast,4.31
369,Herbert,Thompson,1947-11-18,M,msantana@example.com,(433)971-8086x6870,Southwest,4.89
370,Catherine,Adams,1990-03-23,Other,smithluke@example.com,001-778-841-2949,Northeast,2.08
371,Tyrone,Roberts,1983-09-01,F,brittany39@example.net,228-520-0956x17466,Southwest,4.86
372,Jessica,Mitchell,1952-05-03,Other,sbaker@example.net,001-427-957-4593x42121,Northeast,1.86
373,Andrew,Moon,1947-05-05,Other,clarkeshelly@example.net,(822)613-5478x63619,Southeast,2.71
374,Sheri,Hess,1966-11-08,M,cmunoz@example.org,277-405-8934x628,Midwest,2.39
375,Rodney,Lee,1954-09-29,M,markbarker@example.org,996-673-2756,Northeast,2.23
376,Christina,Hickman,1974-10-24,Other,swillis@example.net,(453)738-2448x57454,Northeast,1.94
377,Ricky,Mcguire,1984-05-20,Other,muelleramanda@example.net,+1-577-672-5371,Southwest,4.8
378,Abigail,Diaz,1963-09-11,F,cguzman@example.com,+1-573-930-5269x59056,Midwest,3.11
379,Raymond,Lopez,1998-10-18,F,mmcdaniel@example.com,631-298-2302x8013,Southwest,1.85
380,Brian,Hines,1970-07-31,Other,gpark@example.org,415.354.5932x56684,Midwest,3.91
381,Yvonne,Hicks,2002-08-13,F,bburton@example.com,(718)301-7975x5799,West,2.52
382,Kenneth,Burton,1956-10-30,F,scottsydney@example.com,4873459307,Midwest,1.32
383,Ryan,Martin,1971-02-24,F,kevin22@example.com,+1-870-878-8576x0506,Midwest,2.49
384,Jennifer,Carroll,1965-02-08,F,rogerssarah@example.net,(801)811-1139x33175,Midwest,4.82
385,Julie,Navarro,1973-08-27,Other,coreyromero@example.org,359-591-3388x2174,Midwest,2.26
386,Kenneth,Scott,1989-05-02,Other,ana35@example.org,942-538-4615,Northeast,3.84
387,Kevin,Hughes,1958-03-18,F,jill08@example.org,597.960.3845,Northeast,2.64
388,James,Green,1961-08-29,F,milleralexandria@example.net,001-349-584-7923x874,Midwest,4.89
389,Natalie,Mason,1959-12-23,Other,freemanbrett@example.org,(613)572-8696x48168,West,2.52
390,Alicia,Bell,1955-09-19,Other,robertsimmons@example.com,001-472-799-5780x468,Northeast,3.4
391,Stephen,Robinson,1967-12-06,F,townsendjose@example.com,648-858-1959x64089,West,3.9
392,Denise,Guerra,1995-03-22,Other,ddonovan@example.com,777-555-4600,Southeast,4.39
393,Peggy,Park,1976-07-12,F,davidvaughn@example.com,269.214.1795x36042,Midwest,1.68
394,Natalie,Gill,2001-05-17,F,nfritz@example.org,(210)301-5050x69526,Southwest,1.03
395,Nathaniel,Wagner,1963-02-18,Other,ryanrodgers@example.net,8669691150,Midwest,4.67
396,Jon,Arroyo,1960-11-29,Other,leondeborah@example.com,001-750-852-3398,Midwest,4.7
397,Elizabeth,Richards,1944-11-14,F,palmercathy@example.com,250.552.3979x814,Southeast,3.01
398,Edward,Rosales,2007-06-03,Other,jenkinsjulian@example.com,+1-786-449-0641x3466,Midwest,4.77
399,Brandi,Kim,1948-06-12,M,jeffreyburton@example.com,(863)733-1228x9152,Midwest,4.2
400,Anthony,Richardson,1995-02-05,Other,wigginsedward@example.org,(537)560-7948x187,Southeast,4.59
401,Miranda,Stokes,1973-12-14,M,cmurray@example.org,362-542-8953,Northeast,4.37
402,Jeff,Griffith,1964-08-13,F,kimberly39@example.org,711-659-9743,Southeast,4.3
403,Kevin,Reeves,1955-02-10,Other,kathleenbradley@example.com,001-705-397-5924x5778,Southeast,2.03
404,Ebony,Knight,1950-06-30,Other,bstewart@example.net,001-987-575-6051x39833,Southwest,3.23
405,Cassandra,Gordon,1996-05-13,M,christopherjordan@example.com,9216805940,West,4.96
406,Erin,Gomez,1988-09-11,M,brian04@example.org,873-540-6434x2646,West,3.89
407,Tammy,Colon,1989-08-02,M,pquinn@example.org,+1-737-538-0567x45784,Southwest,2.77
408,Mark,Johnston,1957-01-03,M,danielle08@example.org,784.604.0467,Southeast,4.36
409,Vincent,Fisher,1976-11-20,F,scott95@example.com,+1-213-238-8474x3597,Southeast,1.49
410,Allen,Foley,1968-09-14,M,johnsandrew@example.net,673.296.2523x763,West,3.37
411,Jeremy,Walker,1967-10-03,M,hughesjeffery@example.com,(912)490-2538x2812,Southwest,1.33
412,Renee,Robinson,1978-08-10,Other,sharonlong@example.net,(551)786-6276,West,1.44
413,Lacey,Cross,2000-05-21,F,vegacarlos@example.net,+1-524-786-0631,Northeast,3.37
414,Brittany,Greer,1945-02-09,Other,tfoster@example.net,(970)237-6303,Midwest,4.07
415,Pamela,Ramos,1980-04-04,Other,hernandezjohn@example.net,+1-382-553-1334,West,2.48
416,Martha,Mitchell,1970-03-13,Other,kelly14@example.org,001-821-676-7388x068,Midwest,1.2
417,Austin,Johnson,1954-04-07,M,carlosfreeman@example.com,001-475-802-6603x2180,Southwest,2.04
418,Maria,Washington,1956-02-05,F,philip48@example.com,834.683.4258,Southeast,2.1
419,Bryan,Parks,1977-10-14,Other,xhull@example.net,(277)767-7211x70160,Midwest,4.65
420,Aaron,Knight,1964-04-27,F,mariah63@example.org,8844915598,Southwest,2.3
421,Julie,Serrano,1994-02-17,M,steve77@example.com,200.581.6436x14208,West,1.59
422,Thomas,Kelley,1971-07-24,F,jasonrodriguez@example.org,7103482622,Northeast,1.2
423,Jason,Everett,2003-09-03,Other,joanna35@example.com,(375)871-6136,Midwest,2.72
424,Bryan,Ho,1987-10-21,F,kristen63@example.net,8188021959,Southwest,1.24
425,Jennifer,Love,1945-05-07,F,mark13@example.com,(348)291-6110,Southwest,1.78
426,Jessica,Flores,1971-07-23,F,stevensjoseph@example.org,+1-507-215-1554x829,Northeast,4.11
427,Jimmy,Harris,1963-04-14,F,mcarr@example.net,328-760-1910,Midwest,4.68
428,Monique,Rodriguez,1995-02-12,F,john13@example.com,(922)887-4550x5292,Southwest,3.36
429,Michael,Moore,1965-10-17,Other,erin91@example.org,+1-469-497-9327x00809,Midwest,3.21
430,Matthew,Taylor,1949-01-25,M,nmiller@example.org,(426)459-4363x902,Southeast,1.58
431,Gina,Reed,2005-11-11,F,usawyer@example.net,+1-933-473-2539,West,4.55
432,Corey,West,1993-10-23,F,elizabethlong@example.com,001-518-218-7503x072,Northeast,3.31
433,Ann,Fuller,1978-07-12,Other,michelle25@example.net,001-333-543-3160x54325,West,1.1
434,Julie,Blanchard,1977-10-08,M,umeyer@example.com,001-441-482-9129,Midwest,2.34
435,Nicholas,Mckee,1960-11-18,Other,jacob24@example.com,892-357-5131,Southeast,2.08
436,Alex,Townsend,1988-02-29,F,lnelson@example.org,+1-703-783-1896x649,Midwest,4.39
437,Hector,Gonzalez,2004-05-03,M,navarrojeffrey@example.com,735.793.5914x7867,Northeast,1.45
438,Teresa,Roberts,1976-08-03,F,kmack@example.net,001-866-553-9006x19118,West,2.85
439,Greg,Payne,1959-08-20,Other,karensnyder@example.net,910-926-4806,Southwest,1.24
440,Jonathan,Jones,1968-09-04,M,yolanda11@example.net,452.312.5070x437,Southwest,4.11
441,Mark,Beck,1973-02-23,Other,donnamullen@example.com,+1-809-629-4829x7568,West,2.61
442,Nicholas,Nelson,1990-08-17,M,mckenziejoel@example.net,+1-932-928-9129x958,West,2.74
443,Theresa,Sanchez,1960-09-15,F,janeknox@example.org,(340)999-7996,Southwest,3.94
444,Renee,Nichols,1979-02-21,Other,kelly55@example.com,467-336-5139x807,West,2.88
445,Tiffany,Roberts,2000-06-16,M,tanya70@example.org,+1-298-895-2144,Southeast,4.08
446,Tommy,Thomas,1959-10-14,M,stephen22@example.net,001-262-959-6902x8989,Northeast,1.35
447,Sharon,Farmer,1972-06-24,F,smithmichael@example.net,9312650619,West,4.05
448,Daniel,Carey,2003-07-01,Other,yjenkins@example.com,(827)612-8823x3163,West,3.83
449,Stephen,Rowland,1973-08-15,Other,michael64@example.com,(930)499-6828x00925,Midwest,3.86
450,Nicole,Adkins,1999-03-20,Other,vgrant@example.com,001-214-863-1592x037,Southwest,1.1
451,Jessica,Evans,1979-12-04,Other,bryanjohnson@example.net,+1-216-642-4019x067,Southeast,1.51
452,Regina,Ramos,1948-02-05,Other,edorsey@example.net,+1-989-901-1537x429,Southwest,2.75
453,Emily,Hernandez,1983-08-29,F,suarezjames@example.org,943.577.1866,Northeast,1.93
454,Steven,Gray,1951-09-12,F,dudleyhoward@example.net,2306127384,West,2.15
455,Joseph,Li,1993-05-27,Other,fnelson@example.org,(979)346-4669x974,Midwest,4.26
456,Michelle,Ibarra,1956-09-25,M,michael02@example.com,(949)232-5408,West,3.73
457,David,Booth,1965-12-15,F,zphillips@example.net,225-517-3862x9449,Southeast,1.15
458,Susan,Mcdonald,1989-05-08,F,debbieharper@example.net,(205)764-8594x6648,Midwest,2.57
459,Courtney,Johnson,1955-10-10,F,wscott@example.org,668-818-5678x3318,West,3.86
460,Evan,Hernandez,1979-11-28,F,ajackson@example.com,933-407-4155,Southwest,3.77
461,Brandi,Mueller,1965-02-03,M,lindseyroth@example.net,691-856-3963,Midwest,3.22
462,Michelle,Perry,1992-03-04,F,courtney32@example.com,(351)214-0400,Southwest,2.82
463,Connie,Kim,2001-01-23,Other,stephenschristina@example.org,(337)570-6403x55533,Midwest,1.6
464,Brittany,Richards,1945-11-04,M,seanhopkins@example.org,2779868282,Midwest,4.24
465,Todd,Robertson,1945-02-28,Other,yatesdeborah@example.com,(807)824-7768x0175,Midwest,4.66
466,Kyle,Cruz,2001-09-01,M,brady42@example.net,+1-570-751-4580x92460,Midwest,3.72
467,Tanya,Hendricks,2001-10-11,M,tcooper@example.net,+1-440-895-0132x8462,West,1.5
468,Dylan,Cook,1948-09-10,F,nmcdowell@example.net,+1-826-319-2589x717,West,2.14
469,Marissa,Mejia,1950-01-22,Other,pparker@example.org,923.832.8948x315,Southeast,2.31
470,Brianna,Gonzalez,1992-02-12,Other,bailey99@example.org,(996)697-2638x247,Southeast,1.6
471,Kerry,Carter,1985-08-04,Other,amandamckay@example.net,6096138366,West,1.61
472,Willie,Contreras,1990-04-11,M,cathysmith@example.com,+1-632-702-0550x924,Northeast,2.87
473,Jessica,Maldonado,2004-03-21,Other,shawnablankenship@example.org,747-527-4066,West,4.37
474,Debra,Clayton,1978-01-28,F,lisa56@example.net,884.568.4182x3846,Southeast,2.44
475,Katherine,Lambert,1999-03-17,Other,tonyasmith@example.net,309-702-7449x796,Southeast,1.28
476,Rebecca,Frye,1990-07-27,F,fordcheryl@example.com,597.405.2860,Southeast,2.17
477,Christopher,Patel,1960-09-04,M,cassandramitchell@example.com,+1-786-767-1681x285,Midwest,1.03
478,Courtney,Lester,1966-01-11,F,tmontes@example.org,(597)481-9418,Midwest,1.28
479,Benjamin,Johnson,1951-04-13,Other,steven59@example.org,658-966-3232x3870,West,1.67
480,Michael,Jones,1968-02-29,M,qwilliams@example.org,001-888-883-9621x794,Southwest,4.83
481,Nicole,English,1985-12-04,F,ericcombs@example.net,(948)232-8903x28077,Midwest,1.28
482,Ashley,Rivera,1958-10-15,F,courtney69@example.org,6596578782,Midwest,1.82
483,Travis,Pham,1958-04-14,F,hawkinsterri@example.org,804-257-9433,Southwest,2.59
484,Angela,Alexander,1956-03-20,Other,maynardrichard@example.com,+1-948-927-0589x5777,Northeast,2.31
485,Diana,Kelly,1956-10-29,M,jimwashington@example.com,001-236-249-9432x419,Southwest,1.53
486,Victoria,Turner,1956-07-16,M,xhamilton@example.com,720.967.7336,Northeast,4.87
487,Christy,Gardner,1991-12-25,Other,cummingsmichael@example.net,+1-433-567-1400x4086,West,3.34
488,Rebecca,Palmer,1981-01-15,F,ireynolds@example.net,237.909.8366x3145,Midwest,1.37
489,Jason,Campos,1976-11-30,Other,kennethjones@example.org,747.923.0642,West,1.45
490,Kristine,Mcknight,1952-10-15,F,smithkimberly@example.org,+1-985-863-0767,Midwest,4.86
491,Corey,Peterson,1946-02-20,Other,brian96@example.com,+1-292-374-3001,West,1.64
492,Edward,Frye,1948-05-22,Other,allen48@example.org,001-324-830-7472,Midwest,1.64
493,Peter,Gilmore,1975-01-25,M,gonzalezjason@example.net,948-348-5823x2968,Midwest,1.04
494,Toni,Summers,1957-12-22,Other,dcruz@example.net,+1-204-475-8433x294,Northeast,2.65
495,Kristin,Davis,1951-11-04,F,johnmoreno@example.com,+1-543-662-1890x004,West,1.91
496,Megan,Acosta,1969-07-12,M,wilkinsoncynthia@example.net,568-749-5642,Southeast,3.91
497,Cynthia,Burns,1978-10-22,F,amywest@example.net,350-992-8732x0907,Southwest,3.93
498,Stephen,Ruiz,1997-03-14,M,amandakoch@example.org,+1-383-305-6208,Northeast,3.46
499,William,Gonzalez,1991-08-19,F,vincent90@example.net,001-589-276-6922x61509,Midwest,3.66
500,Lauren,Wright,1998-05-19,M,sconrad@example.com,778-822-1081x4022,Midwest,1.4
501,Rachel,Clark,1965-08-25,Other,jasonwagner@example.org,(203)421-4137x415,West,4.23
502,Brian,Davis,1980-05-28,M,wilsonmichael@example.net,724-365-6920,Northeast,1.59
503,Lori,Rivers,1949-04-27,Other,ashleyperez@example.org,001-515-479-4455x97703,Northeast,1.48
504,Lisa,Lowe,1999-11-08,F,wsmith@example.net,(738)395-4341x848,Southeast,4.52
505,Tracy,Johnson,1977-12-09,Other,tbrown@example.org,989.769.9499,Southeast,2.77
506,Brian,Clark,1948-10-03,Other,gbrown@example.net,001-777-599-8912x26635,Midwest,3.52
507,Timothy,Hernandez,1945-09-12,F,kayla93@example.com,268.716.3740,Midwest,2.69
508,James,Dominguez,1958-01-05,F,vincent67@example.com,885.222.1642,Northeast,1.97
509,Todd,Taylor,1951-05-06,Other,johnsoneric@example.com,+1-482-438-1196x455,Southeast,1.25
510,Scott,Richardson,1978-12-16,F,icole@example.org,001-535-799-6080x0534,West,4.74
511,Stacy,Bowers,1953-11-26,M,raymond64@example.com,767-416-3848x51677,West,1.59
512,Shawn,Atkins,1983-08-14,F,samuel73@example.org,+1-316-361-5129,Southeast,3.45
513,William,Elliott,1949-05-08,F,rosestephen@example.com,940.467.0737,Southeast,3.6
514,Amy,Smith,2007-05-22,Other,yberg@example.net,(710)730-2444x722,West,2.84
515,Michelle,Valdez,1944-12-15,Other,christopher84@example.org,+1-549-749-1397x2165,Southeast,4.35
516,Noah,Foster,1990-11-16,Other,vwilliams@example.com,659.591.9437x23522,West,1.56
517,Angie,Nguyen,1982-12-09,F,trujillosamantha@example.org,+1-730-808-5573,Midwest,3.22
518,Debbie,Perez,2006-06-23,M,gabrielhowe@example.org,769.776.9822,Midwest,4.08
519,Omar,Phillips,1949-08-05,F,shaneford@example.net,352.502.5416x70512,West,4.92
520,Beverly,Carlson,1969-09-26,M,tatebrian@example.net,(585)209-6807,Midwest,2.59
521,Julian,White,2000-07-30,Other,melissa41@example.com,001-917-929-8175x8147,Midwest,3.95
522,Tonya,Wright,2000-08-18,F,eric08@example.net,001-340-650-5896x3473,Midwest,4.48
523,Pamela,Jimenez,1946-10-18,F,csnyder@example.org,239.476.0201x17663,Southeast,1.74
524,Carolyn,Fleming,1961-07-04,M,zhaas@example.org,+1-539-911-4060x58873,Northeast,2.08
525,Thomas,Maxwell,1960-04-27,M,rebeccathomas@example.com,828.649.7043,Northeast,2.46
526,Mark,Thomas,1950-07-06,F,stevencook@example.net,(780)280-4061x99210,West,1.41
527,Danielle,Clark,1980-07-20,Other,mark76@example.com,+1-878-810-9708,Midwest,4.94
528,Erika,Salazar,2007-05-19,M,jonesmegan@example.net,001-683-581-1700,Northeast,2.03
529,Maria,James,1959-05-14,Other,samanthawiley@example.org,681-905-4237x906,Southwest,4.96
530,Tara,Brown,1955-04-21,M,aliciamckenzie@example.org,(338)701-5635x28937,West,4.38
531,Mark,Graves,1973-08-17,Other,ihernandez@example.org,698-914-2761,Midwest,2.39
532,Alex,Clark,1977-02-15,Other,kevin67@example.org,880-496-0597,Midwest,1.34
533,Alicia,Murphy,1969-11-25,Other,lwheeler@example.net,001-886-824-3793,Southeast,2.19
534,Melissa,Marsh,1997-09-15,M,thall@example.com,001-860-233-2196x2229,Midwest,4.62
535,Christian,Thomas,1988-06-26,M,lisa90@example.net,+1-794-488-7439x0063,Midwest,4.72
536,Louis,Williams,1967-03-14,F,bradley89@example.org,001-738-528-0291,Southeast,2.62
537,Taylor,Velasquez,1994-05-05,Other,jason07@example.org,(392)430-7282x4212,Southwest,1.52
538,Marcus,Austin,1951-10-20,F,lewisadam@example.org,9777415807,Southwest,2.92
539,Crystal,Williams,1957-06-16,Other,richardlisa@example.net,001-346-964-6991x040,Midwest,2.22
540,Sarah,Jackson,1961-10-26,M,bjones@example.org,867.754.6078x53027,Southwest,2.86
541,Kristina,Liu,1982-07-24,M,vhancock@example.org,+1-479-253-7607x964,Southeast,2.38
542,Julia,Wise,1972-03-04,Other,janetmorgan@example.org,223.357.2341,Southwest,1.68
543,Matthew,Acosta,1961-08-12,Other,thatfield@example.com,(619)984-5027x94378,Northeast,4.64
544,Sarah,Williamson,1972-07-12,F,mcphersonbrian@example.net,330-707-9043x837,West,1.03
545,Mason,Becker,1999-10-29,Other,walterdillon@example.com,(686)541-9729x769,Southeast,1.43
546,Courtney,Jimenez,2007-05-24,Other,kellywright@example.org,(635)390-9449x31136,Northeast,3.17
547,David,Richardson,1993-09-24,Other,katherine84@example.org,(568)942-2630,West,2.27
548,Curtis,Mills,1988-09-09,Other,kara47@example.net,(940)613-4473x95517,Southeast,2.09
549,Jeremy,Anderson,1951-12-21,F,jonesthomas@example.net,(586)221-4769x3621,Southwest,3.87
550,Cynthia,Mccormick,1984-08-11,M,jamesnoble@example.net,945.975.6958x253,Southeast,2.44
551,Terry,Holland,1974-09-08,Other,edward49@example.org,884.978.8697x736,Midwest,1.38
552,Alexander,Mcguire,1967-12-05,M,pmiller@example.org,390-967-3326x10774,Midwest,2.69
553,Sarah,Farley,1981-07-27,Other,milleralisha@example.com,445.357.2275x7745,Southeast,4.77
554,Shari,Jones,2007-03-28,Other,andre82@example.net,(969)760-8912x386,Northeast,1.22
555,Christine,Flores,1961-04-03,Other,garcianicole@example.net,(525)498-3764x8763,Northeast,2.07
556,Albert,Swanson,1972-12-20,F,lisa26@example.com,293-261-3543x933,Northeast,2.1
557,Michael,Graves,1950-11-18,M,thomas50@example.net,230.449.7874x54417,Northeast,4.88
558,Tim,Snyder,1955-12-09,F,ojones@example.net,729.311.6900x95653,West,2.13
559,Jodi,Diaz,1962-04-17,Other,enelson@example.org,+1-783-668-9135x40210,West,3.59
560,Jasmine,Smith,1979-03-02,M,brandygomez@example.net,001-925-660-0314,Midwest,4.75
561,Elizabeth,Meyers,1997-03-20,M,thomas93@example.com,549.481.1584x07645,Southwest,2.11
562,Anna,Henry,1987-10-14,F,jacob94@example.org,963.390.6433x4948,Midwest,4.91
563,Karen,Hall,1990-01-01,Other,zcummings@example.org,958.778.7841x4639,Northeast,3.11
564,Ryan,Conner,1993-05-13,Other,tiffanydennis@example.org,001-253-311-3898,Midwest,1.04
565,Derrick,Butler,1996-08-30,Other,vickiekramer@example.net,864.392.7842x021,Midwest,4.06
566,Samantha,Jenkins,1966-03-19,Other,wendy17@example.com,001-705-896-9339,Northeast,1.04
567,Brian,Woods,1946-10-25,F,sandra47@example.org,+1-688-808-9712,Southeast,1.16
568,Stephanie,Macias,1976-10-21,Other,lsmith@example.com,+1-951-867-9785x17998,Midwest,4.74
569,Raymond,Frank,1972-12-21,M,william60@example.org,867-526-4281x0710,Southwest,4.51
570,Ryan,Dunn,1963-10-30,Other,jgriffith@example.net,+1-801-492-0475x0225,West,3.84
571,James,Wells,1944-08-25,M,smorton@example.net,001-333-331-2936x49344,Southeast,3.59
572,Nicholas,Franco,1947-03-12,Other,hernandezadam@example.net,(412)580-7852x9806,Southwest,1.94
573,Michael,Hansen,1956-02-17,M,fordmatthew@example.com,918.478.5224,West,4.73
574,Krista,Alvarado,2003-09-10,F,phillipsdonald@example.org,643-650-4205,Midwest,2.28
575,Victor,Flynn,2000-03-13,M,armstrongphillip@example.org,001-526-586-7826x882,Southeast,1.47
576,Nicholas,Lee,2000-09-08,F,andreagonzalez@example.com,721.473.9408x850,Southwest,1.68
577,Ricardo,Cox,1999-07-27,M,gjuarez@example.org,677.629.1866,Northeast,2.04
578,Rita,Pham,2005-03-26,F,riveracharles@example.net,810.368.5848,Midwest,1.61
579,Emily,Buchanan,1966-12-13,M,crios@example.com,001-224-997-9205x8657,Southeast,4.98
580,Eric,Gross,1971-09-09,F,harveysteven@example.org,001-204-892-9946x33197,Southeast,4.74
581,Norma,Howard,1977-11-02,F,ibennett@example.net,478-719-5225,Northeast,4.71
582,Dawn,Dunn,2006-08-16,F,johnsonmichael@example.net,(521)308-7455x848,West,1.35
583,Rebecca,Green,1950-10-01,F,osmith@example.net,001-793-362-1436x107,Midwest,1.3
584,David,Vasquez,1952-11-17,F,reneeshea@example.org,(760)820-2610x777,Southwest,3.38
585,Cory,Lewis,1959-01-12,M,amandabrown@example.com,861.547.8811x89814,Midwest,2.07
586,James,Fuller,1960-03-16,Other,lgarcia@example.net,+1-904-502-7355,Northeast,3.24
587,Alexis,Perry,1967-11-19,Other,manningcrystal@example.org,797.609.9603,Northeast,1.86
588,Amanda,Anderson,1950-04-30,M,michelle99@example.org,+1-244-605-9279x6498,Northeast,3.26
589,Andrew,Lawrence,1948-02-07,Other,ericjones@example.com,6252684980,Midwest,1.77
590,Brandon,Dawson,1973-02-02,M,vrodriguez@example.net,649.285.4666x325,Northeast,4.52
591,Brian,Costa,1952-02-06,F,karengarza@example.org,281.487.5494,Southwest,3.27
592,Molly,Cabrera,1992-01-11,F,traciwilliams@example.net,602.840.9363,Midwest,4.14
593,James,Johnson,1986-10-22,M,carrie35@example.com,527-477-9700x97843,Southwest,1.76
594,Paula,Young,2005-10-21,M,reneeharris@example.org,8356390601,Southwest,4.96
595,Zachary,Fowler,1991-04-24,F,vlawson@example.net,7713583708,West,4.89
596,Natalie,Proctor,1947-02-21,M,hmiranda@example.org,812.778.4735,Southeast,2.38
597,John,Orozco,1996-06-14,F,danielsmith@example.org,001-802-442-6981x759,Midwest,1.76
598,Brenda,Cruz,1964-02-22,F,olopez@example.org,925-978-5699x232,Northeast,1.49
599,Dawn,Spencer,1954-03-09,M,ruben84@example.net,+1-846-511-4666,Southeast,2.65
600,Angela,Clayton,1950-08-21,M,terryrobert@example.net,731.958.5376x45028,Midwest,3.21
601,Christine,Tanner,1996-08-26,M,ogarcia@example.com,504.923.0544x128,Midwest,4.67
602,Benjamin,Davis,1993-08-22,F,marymendez@example.org,626-588-3542,West,1.99
603,James,Jones,1966-12-08,M,renee34@example.org,(794)661-8775,Southeast,4.16
604,Jonathan,Wilson,1963-01-14,M,jacobsonleslie@example.com,001-751-516-9119x146,Southeast,3.33
605,Mark,Rios,1984-09-10,F,ryansmith@example.org,955.519.7419,Northeast,2.67
606,Lori,Durham,1956-10-01,F,ecarroll@example.com,624.936.6943x635,Midwest,2.62
607,Virginia,Burke,1990-09-11,Other,kerry57@example.org,(463)912-1359x685,Southwest,2.25
608,Robert,Johnson,2004-08-22,F,kevinhernandez@example.org,001-696-284-5260x66531,Northeast,1.16
609,Kaylee,Whitaker,1965-05-26,M,luis82@example.org,954-616-3465x8270,Northeast,3.24
610,Tiffany,Butler,1992-12-03,Other,matthew46@example.org,001-264-522-2750x429,Southwest,1.21
611,John,Harris,1952-09-15,F,perrytroy@example.com,(324)463-6727x677,Midwest,3.95
612,Roger,Johnson,1949-12-12,F,garciatammy@example.com,597.430.8487x504,Northeast,4.14
613,Katherine,Hall,1947-06-10,Other,stanleymichael@example.com,961.870.0812x2490,Northeast,1.99
614,Kurt,Green,1960-02-25,F,natkins@example.com,793.527.1971x1316,Southwest,2.41
615,Stephen,Fuller,1996-01-17,M,jmeyer@example.org,(944)214-2935x5824,Southwest,2.24
616,Debbie,Myers,1993-05-18,F,tina00@example.org,580.380.1141,Midwest,3.62
617,Alexandra,Smith,1971-05-14,Other,banderson@example.com,(652)340-2599,Midwest,3.2
618,Joseph,Reed,2005-08-20,F,lindapollard@example.com,721-737-2901,West,2.8
619,Michael,Walker,1982-11-08,Other,jacksonrichard@example.net,3074275196,Southwest,3.72
620,Vickie,Maynard,1996-06-30,M,dtaylor@example.org,+1-925-290-3934x8399,Southeast,1.47
621,Melinda,Tyler,1973-09-16,M,rbutler@example.net,771-266-0284x22115,Midwest,4.97
622,Eric,Butler,1985-06-13,Other,sierrapatterson@example.com,001-282-470-4805x22098,Northeast,1.94
623,Lacey,Smith,1946-06-23,M,qwoods@example.org,+1-614-501-2948,Northeast,2.3
624,Susan,Hardy,1987-04-30,F,huntershaw@example.com,(523)946-3159x40754,Southwest,4.28
625,Alyssa,Mendoza,1999-09-05,M,sergio63@example.org,(935)841-9149,Southeast,4.05
626,Willie,Gutierrez,1959-10-22,Other,xramos@example.com,(529)894-6507,Southeast,2.23
627,Brianna,Graham,1966-12-16,M,sjones@example.com,242.427.9199,West,3.88
628,Lisa,Vaughn,2004-08-26,Other,danielhernandez@example.org,(221)466-2344x62164,Northeast,3.98
629,Marvin,Ross,1997-02-17,F,walkerchristopher@example.com,591-564-4696,Southwest,3.66
630,Terri,Patton,2000-07-23,M,tmckinney@example.org,001-721-410-8693x424,Southwest,1.68
631,Brian,Martin,1978-11-05,F,kelleyrichard@example.com,001-847-755-1281,Northeast,3.04
632,Gregory,Morrison,1986-08-26,M,jimmy79@example.net,(934)487-2583x325,Midwest,2.93
633,Dennis,Cabrera,2005-02-02,M,jaclynmiller@example.com,+1-721-905-9944x090,Midwest,1.45
634,Richard,Keller,1987-09-04,Other,yrodriguez@example.net,710-674-0948,West,4.08
635,Jerry,Barrett,1965-09-21,M,conradlinda@example.com,733.429.1792x520,Northeast,1.65
636,Christopher,Mcdaniel,1952-05-21,M,heidi60@example.net,582.940.4221,Southwest,1.54
637,Joshua,Juarez,1958-02-03,Other,drivera@example.net,+1-566-897-0712x469,West,4.99
638,Karen,Burke,1988-09-20,Other,terrance20@example.org,001-334-933-6928,West,2.83
639,Megan,Bradford,1950-01-05,F,kwilson@example.org,001-980-930-4587x78859,Midwest,4.22
640,Virginia,Chen,1983-07-23,Other,rhorton@example.net,643-463-1126,Northeast,2.35
641,Brandi,Perry,2003-02-07,Other,williamstravis@example.org,(808)721-5055x9515,West,3.71
642,Patrick,Parks,1953-12-21,F,kcline@example.com,225.416.6696,Midwest,4.84
643,Marilyn,Serrano,1984-07-14,Other,craigcox@example.net,778.728.3665x54298,Southeast,2.81
644,Joseph,Barnes,1947-06-20,Other,whiteerica@example.com,629.205.8206,Southeast,4.44
645,Sierra,Young,1996-07-13,Other,michaelwhite@example.net,001-406-524-3310x99783,West,1.58
646,Robert,Lopez,1997-06-09,Other,deboraholson@example.org,895-713-1543,Northeast,2.14
647,Brandon,Gonzalez,1991-11-19,Other,yjohnson@example.org,284-546-4322x2254,Southwest,2.16
648,Deborah,Robinson,1976-12-08,M,lprice@example.net,+1-393-655-4275x6211,Northeast,2.55
649,Justin,Mathews,1954-03-20,Other,lorr@example.com,(546)796-0419,Southwest,3.03
650,Scott,Miles,1978-05-21,M,anna43@example.com,838-285-3251x68353,Southeast,3.81
651,Kevin,Hayden,2000-12-15,Other,darlene35@example.org,450.813.7777x10909,Northeast,3.49
652,Taylor,Casey,1962-07-11,Other,crystal56@example.net,(424)886-6439,Southeast,2.96
653,Natalie,Hicks,1982-02-08,M,melissagould@example.com,8224271627,Southwest,3.18
654,Lisa,Goodman,1962-06-14,M,raymondfarrell@example.com,372-242-1530,West,3.81
655,John,Franklin,1994-06-09,Other,lauradudley@example.org,(327)693-0540x276,West,3.73
656,Sherry,Ramirez,1968-12-02,M,ucarpenter@example.net,+1-779-888-1822x67060,Southeast,3.57
657,Traci,Walters,1968-04-20,M,gregory73@example.net,001-873-874-5298,Southeast,4.07
658,Peter,Stevenson,1953-03-15,F,karen61@example.org,671-415-9417x3638,West,3.26
659,Patrick,Harris,1976-06-05,M,joshua74@example.net,573.522.5141,Northeast,4.44
660,Angela,Hart,1978-06-21,Other,bakerchristina@example.net,377.873.6943x193,Northeast,4.03
661,John,Powell,2000-07-23,Other,xtaylor@example.com,(992)900-2287x9923,Northeast,1.24
662,Joshua,Miller,2000-12-19,M,emiller@example.net,001-815-930-8257x032,Northeast,3.81
663,Ryan,Thomas,1980-01-28,F,heather71@example.net,771-776-0114,West,3.25
664,Cassandra,Watkins,1952-08-10,F,aberger@example.com,001-494-832-5267,Northeast,2.41
665,Stacey,Lee,1966-05-01,F,twatson@example.com,4513835079,West,1.54
666,Tiffany,Bowers,1968-08-21,F,sspears@example.net,+1-475-899-8988x99103,Southwest,4.9
667,Tiffany,Smith,1958-06-15,Other,danielkelly@example.net,(796)687-0277x4551,Southeast,1.11
668,Natalie,Kelly,2006-07-12,Other,rmeyer@example.org,+1-778-426-7729,Southwest,2.9
669,Daniel,Marsh,1977-10-28,Other,tuckeramy@example.org,001-405-672-7024x430,Southwest,3.99
670,Jennifer,Clark,1952-02-04,Other,hollyrichards@example.org,262.215.2937x9721,West,3.1
671,Cynthia,Nelson,1974-05-06,F,phillipmeadows@example.org,889.751.6766,Northeast,3.28
672,Jeremy,Wright,2004-06-18,M,vlittle@example.org,890-577-2173x82762,Northeast,4.67
673,Evelyn,Cabrera,1963-08-22,Other,llee@example.com,565-404-3209x876,West,3.61
674,Stephanie,Rogers,1993-12-31,M,eramos@example.net,538-906-0820x9768,Midwest,1.4
675,Mike,Craig,1995-05-13,F,jyoung@example.org,857.690.7963,West,3.8
676,Veronica,Vaughan,1972-05-19,M,krausekirsten@example.org,+1-463-251-0059x0323,Northeast,1.45
677,Emily,Pham,1955-11-24,M,mary38@example.com,398-574-4624,Northeast,3.84
678,Victor,Torres,1956-07-30,Other,jenkinscynthia@example.net,+1-449-974-0419x7504,Midwest,1.59
679,James,Pacheco,2006-05-13,F,joshuahenry@example.net,854.478.3318x822,Midwest,2.73
680,Patricia,Torres,1949-05-08,Other,brianwilson@example.com,001-958-977-9588x153,West,3.69
681,April,Poole,1991-03-14,Other,scollins@example.com,514-339-0594,Southwest,4.94
682,Matthew,Kennedy,2006-06-07,F,johnrodriguez@example.com,001-846-734-4345x760,Southwest,4.97
683,Erica,Harvey,1977-09-20,F,parksaustin@example.org,+1-665-544-7695x0056,West,4.52
684,Randy,Fuentes,1991-10-13,F,robertwilliams@example.net,(919)801-1821,Southeast,3.37
685,Robert,Mcclain,1950-03-25,Other,jimenezamy@example.com,357.882.0594x81477,Midwest,1.24
686,Nicole,Rodriguez,1944-10-07,M,bberger@example.org,887.418.3184x34176,Southeast,2.36
687,Chad,Newton,1958-11-30,M,elizabethgreene@example.org,248-757-8802,Southeast,3.11
688,Margaret,Thompson,2000-03-18,M,chogan@example.org,(827)874-0911x117,Northeast,1.91
689,Kathryn,Hanson,2005-02-23,Other,bwalker@example.net,2425980546,Southeast,4.52
690,Chelsea,Hensley,1960-01-23,F,csantiago@example.org,633-756-4332x246,Southeast,3.64
691,Mary,Bishop,1957-06-25,Other,amy89@example.org,269.800.8113,Southwest,3.25
692,Ashley,Davis,2006-12-25,F,jennifer37@example.com,+1-870-796-2097,West,2.95
693,Hannah,Powell,1973-02-14,Other,rebecca06@example.net,+1-392-903-1851x10596,Southeast,3.51
694,Jenna,Perez,1967-05-11,M,littlepatrick@example.net,875-691-4690,Southeast,3.4
695,Linda,Peters,1989-07-09,Other,gsullivan@example.org,750-254-7943x2194,Southwest,4.96
696,Erik,Tucker,1994-08-11,Other,taylorjonathan@example.net,256.916.2229x528,West,4.09
697,Keith,Martin,1967-07-15,Other,kristine61@example.org,+1-229-490-3929,West,1.32
698,Raymond,Huerta,1947-01-19,F,andre30@example.net,+1-796-337-9585x3549,Southwest,3.1
699,Samantha,Hayes,1999-08-16,M,tiffany13@example.net,871-273-9098x4874,Midwest,4.26
700,Robert,Roberts,1966-01-15,M,stephen72@example.net,001-505-764-8359x34773,Northeast,3.44
701,Brian,Johnson,1949-06-17,F,morrisonbreanna@example.org,001-913-291-6127x34153,Southeast,2.32
702,James,Richards,1993-07-15,M,dtaylor@example.org,985-700-8657,Southeast,1.17
703,Aaron,Cruz,1991-09-09,Other,michael49@example.net,589-651-8206,Southeast,4.69
704,Brittany,Martin,1982-07-06,Other,dawncooke@example.org,(505)282-5346,Northeast,2.41
705,Shane,Lindsey,1966-11-06,M,stacy90@example.net,346-933-4354x08812,Northeast,2.54
706,Rachel,Mckee,1983-04-08,Other,nicholas87@example.com,(627)455-7775x886,West,2.21
707,Dominic,Harris,1992-05-30,Other,randybowers@example.net,334-879-3939x5566,Northeast,3.6
708,Nicholas,Larson,2004-04-20,M,noah91@example.com,+1-658-940-8965x063,Midwest,1.34
709,Douglas,Campbell,1964-08-31,F,dixonerin@example.net,(446)965-2292x6295,Southwest,1.13
710,Mary,Holmes,1977-03-28,Other,paulayala@example.org,(803)495-1669,West,1.05
711,David,Schmitt,1976-05-16,M,ngriffith@example.com,790-822-3664,Southeast,4.27
712,Charlotte,Jones,1998-01-25,M,jenniferdavis@example.net,7513247358,Southwest,1.44
713,Robert,Collins,1972-01-27,M,eric32@example.com,(398)703-6074x64472,Northeast,1.99
714,Megan,King,1990-09-19,Other,denise76@example.net,001-546-958-7785,Southwest,4.54
715,Olivia,Valdez,1965-07-01,Other,james51@example.net,576.886.7155x5883,Southwest,3.29
716,Vincent,Morris,1945-07-02,M,thomaswatts@example.org,(492)446-6894,Northeast,2.81
717,Benjamin,Black,1966-07-28,F,xroth@example.net,396-279-1654x154,Southeast,3.05
718,Cheyenne,Woodward,1966-12-11,F,jamesalvarado@example.org,+1-312-447-8616x9739,Southeast,2.39
719,Heidi,Baker,1955-06-28,Other,william04@example.org,230.752.7642x230,Southeast,2.02
720,Andrew,Garcia,1974-05-08,M,davisleslie@example.net,886-705-6053x1950,West,3.25
721,Carla,Evans,1967-08-23,M,david27@example.net,001-795-993-1649x356,Southeast,1.7
722,Karen,Barker,1992-07-03,F,robertking@example.net,538.668.5127x955,Midwest,4.72
723,Wendy,Farmer,1981-11-23,M,melanieortega@example.org,(679)433-4991x2410,Midwest,4.18
724,Diana,Martinez,1991-12-31,F,sarah04@example.net,(886)729-2430x655,Southwest,3.19
725,Steven,Hughes,2000-04-25,F,allisondeleon@example.com,526-385-9359x120,Northeast,1.22
726,Marvin,Smith,1961-04-12,F,ymurillo@example.com,(639)867-1220x893,Southwest,1.76
727,Laurie,Jones,1949-02-18,Other,charles62@example.net,+1-279-269-9385x726,West,2.71
728,Holly,Allison,1979-12-21,F,maria22@example.com,786-603-0984x220,Southeast,3.41
729,Evelyn,Wilson,1985-08-23,F,ericanderson@example.org,(384)253-2483x1667,Midwest,1.68
730,Troy,Vincent,1951-02-14,M,steven25@example.net,393.243.1429x6920,Northeast,1.49
731,Cynthia,Welch,1954-04-20,M,linda40@example.com,001-479-732-3804,Midwest,3.81
732,Charlotte,Estrada,1981-01-27,M,amanda66@example.com,001-882-803-5250x07975,Midwest,1.51
733,Christopher,Gutierrez,1961-05-31,M,peter87@example.org,995.552.8342,Midwest,3.33
734,Andrew,Jones,1946-03-17,Other,veronicagarcia@example.org,(505)562-4562x903,Northeast,2.81
735,Kelly,Contreras,1950-08-29,F,ortizkarina@example.org,(703)267-5538x05428,Southwest,1.85
736,Ricky,Hall,1945-07-10,Other,vincentmoore@example.net,+1-852-301-0819x847,Midwest,4.79
737,Lisa,Zamora,1952-09-08,M,denise19@example.org,(746)910-9966x1008,Midwest,4.97
738,Michelle,Carlson,1987-12-02,M,amanda58@example.net,001-474-930-8368x0321,Southeast,2.1
739,Michele,Good,1969-01-25,F,gjohnson@example.org,001-725-884-2458x0429,Southwest,3.34
740,Timothy,Jenkins,1946-10-07,Other,jenniferfreeman@example.org,416.936.3365,Midwest,1.21
741,Maria,Johnson,2007-01-17,F,pfrazier@example.net,990-721-6194x11529,Southwest,3.62
742,Teresa,Hooper,1994-05-27,F,annettelucas@example.com,323-617-6110x996,Northeast,3.56
743,Carol,Klein,1963-09-24,M,umcdonald@example.com,+1-352-676-2150,West,1.3
744,Isaac,Jones,1991-07-03,M,vanessa25@example.org,976.552.9269x7154,West,2.75
745,Diana,Goodman,1967-08-07,F,rebeccaramsey@example.com,001-786-550-1670x73305,Southeast,4.07
746,Emily,Parker,1978-03-08,M,keithboyd@example.org,410.407.0355x12905,Midwest,1.85
747,Andrew,Ali,1981-10-09,M,meredithhoward@example.com,2584126744,Southwest,4.87
748,Kelsey,Vaughn,1960-09-26,F,holtmelanie@example.com,7125823212,West,4.58
749,Mikayla,Cox,1946-06-21,Other,sophiacox@example.org,689-330-6304x2985,Southwest,4.01
750,Stephanie,Smith,1982-09-04,F,heather38@example.org,(456)928-4482x972,Midwest,4.07
751,Robert,Brooks,1997-04-26,F,mtaylor@example.com,969.882.8010x797,West,4.62
752,Stephanie,Wiggins,1953-05-03,Other,johnsonruben@example.com,001-300-414-8490x357,West,3.81
753,Justin,Stevens,1968-08-17,Other,transteve@example.com,001-571-295-8273x0060,Northeast,2.23
754,Laura,Clark,1957-07-19,M,spatrick@example.com,8166812032,Northeast,4.21
755,Jonathan,King,1981-02-27,F,rhonda84@example.org,616-634-7379x080,Midwest,4.44
756,Anthony,Dalton,1948-08-08,M,scottgonzales@example.org,+1-567-837-0414,West,3.43
757,John,Navarro,1951-04-05,F,christinasingleton@example.com,547.983.5033,Midwest,1.31
758,Cheryl,Riddle,1993-08-28,F,ashley58@example.org,001-904-960-0565x188,West,4.16
759,Jennifer,Zuniga,1970-11-13,M,ericajoseph@example.com,661.321.3433,Southeast,2.33
760,Denise,Miller,2002-05-02,Other,mcmahonrachel@example.net,001-609-307-6925,Midwest,1.93
761,David,Hill,1987-03-09,Other,douglas94@example.org,4745513305,Midwest,2.48
762,Kimberly,Williams,1958-07-11,F,timothy29@example.com,5967107195,Northeast,1.99
763,Pamela,Hebert,1947-06-21,M,coxjeanette@example.com,786.282.5168x49406,Southwest,3.76
764,Donna,Daniel,2001-01-12,M,jcole@example.org,865.886.2327x963,Midwest,2.34
765,Ana,Ford,1953-01-25,M,whitneygraham@example.org,894-454-4691,Southeast,3.95
766,Jeremiah,Townsend,1995-12-04,Other,thomasmartinez@example.net,+1-494-745-8807x46236,Northeast,3.81
767,Jesus,Cordova,1987-11-10,Other,josephcalderon@example.net,(606)338-4809,Midwest,3.95
768,Sharon,Moore,1976-03-05,M,qnash@example.org,370.789.6787x84081,West,2.05
769,Kelly,Owen,1983-07-03,M,caleb76@example.com,9645185258,Southwest,2.29
770,Tony,Chang,1979-12-19,M,anthonypeterson@example.com,+1-417-563-1501x49270,West,1.74
771,Melinda,Brown,1954-08-05,Other,richard41@example.net,392.334.7743x2224,West,3.85
772,Lori,Wright,1965-01-21,Other,carrollbryan@example.org,001-280-989-9007x255,Northeast,2.18
773,Theodore,Martin,2002-06-03,F,kathleen54@example.org,733-710-0157,Southwest,3.47
774,Jorge,Adams,1995-02-24,F,jennifermeadows@example.org,785-728-9968x66174,Northeast,2.9
775,Steven,Knapp,1959-10-06,M,michelle19@example.net,6127277016,Southwest,3.01
776,John,Wright,1983-06-23,F,sarah92@example.com,+1-601-896-6248x07216,West,2.38
777,Ashley,Young,1973-02-08,M,julie17@example.org,001-733-670-9356x87023,West,3.12
778,Kenneth,Evans,1947-04-13,Other,freemansarah@example.com,608-832-6300,Southwest,1.51
779,Diane,Prince,2006-08-18,M,ashleyhurley@example.net,8138006031,Southeast,3.6
780,Timothy,Jones,1979-05-13,M,thompsonallison@example.com,001-866-249-3113,West,4.68
781,Mary,Mcmahon,1954-02-26,F,jacksonanna@example.net,001-951-602-8660x654,West,1.68
782,Erika,Brooks,1966-07-17,F,fcarey@example.com,(711)692-5528,Midwest,3.21
783,Jason,Bernard,1990-09-02,F,melissarose@example.com,401-217-8528x2291,West,4.81
784,Angela,Fernandez,1951-10-18,Other,christine32@example.com,332.268.2306x6903,Northeast,2.17
785,Karen,Jimenez,1987-04-11,F,mary50@example.org,(782)433-3791,Southeast,1.52
786,Kimberly,Waters,1977-07-13,Other,emilybryant@example.org,387.492.5534,Southwest,1.72
787,Victor,Kelly,1999-06-28,F,yhanson@example.net,+1-277-650-4799x962,West,1.72
788,Margaret,Le,1953-07-01,F,kimberlyshea@example.org,443.241.1009x382,West,1.96
789,Leslie,Hartman,1945-12-06,M,melaniejones@example.com,+1-350-313-4950,Southwest,1.46
790,Amy,Webster,1994-01-20,Other,jflowers@example.org,+1-616-786-2184x1481,Midwest,3.51
791,Richard,Brown,2005-09-19,M,mharrison@example.com,988.328.6640,Northeast,1.66
792,Dylan,Gutierrez,1967-03-26,M,pscott@example.org,(471)653-0201x304,Midwest,4.57
793,Jasmine,Gutierrez,1992-05-18,Other,fischerandrew@example.net,001-755-262-1021x23817,Midwest,3.59
794,Misty,Mathis,1959-11-24,M,alan18@example.net,612-769-5368x9643,Midwest,3.19
795,Rachael,Garcia,1977-11-20,F,uriggs@example.org,001-826-230-2473x235,Southeast,4.04
796,Edward,Marshall,2006-07-22,M,desiree23@example.net,430.868.0992x828,Midwest,4.1
797,Dylan,Bell,2001-08-07,F,brittanybarnett@example.net,650.482.7105,Midwest,2.89
798,Mitchell,Hatfield,1998-01-03,F,elizabethrobles@example.net,738.898.1913x92153,West,2.92
799,William,Martinez,1964-06-10,F,tiffanycameron@example.net,9814958556,West,2.58
800,Eric,Taylor,1976-01-29,F,christophercross@example.net,408.229.4333,Midwest,3.58
